first_name,last_name,email,gender,ip_address,created_at,status
Humphrey,Schwandermann,hschwandermann0@scribd.com,Male,7.245.162.230,2022-10-04 21:03:16,false
Xerxes,Bristoe,xbristoe1@aboutads.info,Male,228.238.100.183,2022-06-29 13:49:42,true
Hyman,Obey,hobey2@fc2.com,Male,35.105.176.220,2023-03-15 07:09:37,false
Noby,Cremer,ncremer3@hhs.gov,Male,236.115.2.223,2024-06-16 00:48:36,false
Clarissa,Kestle,ckestle4@weather.com,Female,39.52.136.85,2022-06-03 19:35:02,false
Cathrin,Greenrodd,cgreenrodd5@canalblog.com,Female,109.115.56.215,2023-03-03 08:13:34,false
Ilyssa,Davidoff,idavidoff6@vinaora.com,Female,175.32.72.51,2025-01-10 12:49:56,false
Thedrick,Pye,tpye7@ebay.co.uk,Male,70.93.214.167,2023-06-13 22:39:15,true
Meier,Tinton,mtinton8@hhs.gov,Male,163.235.110.179,2024-07-13 08:04:25,false
Stevie,Larcombe,slarcombe9@answers.com,Agender,154.138.26.210,2022-06-02 16:14:21,true
Babs,Nitti,bnittia@ycombinator.com,Female,240.106.240.235,2021-03-23 06:56:39,false
Laughton,Dennert,ldennertb@harvard.edu,Male,187.58.80.40,2024-04-07 21:08:39,false
Corabella,Frizzell,cfrizzellc@latimes.com,Female,184.116.247.167,2021-05-06 10:14:00,true
Roldan,Ongin,rongind@chronoengine.com,Male,5.14.172.56,2022-05-07 04:41:30,false
Aleksandr,Di Iorio,adiiorioe@bbc.co.uk,Male,118.30.25.101,2023-09-02 06:55:21,false
Antonetta,Breede,abreedef@issuu.com,Female,102.178.24.148,2021-09-12 04:32:12,true
Miller,Durbann,mdurbanng@mediafire.com,Male,60.201.216.118,2023-01-03 02:45:07,true
Edwin,Belfrage,ebelfrageh@wisc.edu,Male,129.140.212.105,2024-07-17 05:54:49,false
Chaddie,Salamon,csalamoni@cisco.com,Male,133.87.246.59,2022-04-13 00:32:38,false
Genny,Frayn,gfraynj@nymag.com,Female,82.154.240.13,2021-10-13 06:57:02,false
Fleur,Sissot,fsissotk@sogou.com,Female,234.243.34.76,2021-01-27 05:53:30,false
Kimberly,Espinay,kespinayl@google.com,Female,137.197.50.43,2022-11-03 21:48:00,false
Blanche,Casement,bcasementm@pcworld.com,Female,76.94.150.9,2024-11-20 00:52:29,false
Kandace,Truder,ktrudern@themeforest.net,Female,28.70.1.33,2021-10-19 10:28:33,false
Lonni,Heinsen,lheinseno@china.com.cn,Female,13.90.130.45,2021-09-15 20:53:21,false
Hamel,Scollan,hscollanp@epa.gov,Male,52.243.6.217,2024-04-23 02:41:03,true
Rafaela,Buzin,rbuzinq@auda.org.au,Female,167.9.64.151,2024-03-29 15:50:31,true
August,Tash,atashr@squarespace.com,Male,38.106.222.26,2023-02-07 03:29:03,false
Amanda,Mulqueeny,amulqueenys@intel.com,Female,76.30.74.243,2024-04-08 10:46:43,false
Felizio,Charker,fcharkert@parallels.com,Male,154.129.165.52,2024-03-31 06:30:59,true
Virginia,Fidian,vfidianu@blogger.com,Female,183.12.37.128,2023-05-29 20:28:10,false
Juieta,Lucius,jluciusv@squarespace.com,Female,182.85.136.123,2021-02-03 05:56:29,true
Nellie,Vanderplas,nvanderplasw@webs.com,Female,253.51.132.248,2021-04-02 22:43:00,true
Lexis,Hearthfield,lhearthfieldx@squarespace.com,Female,91.225.164.154,2022-01-18 08:49:36,true
Garold,Vanin,gvaniny@chicagotribune.com,Male,232.103.203.255,2024-02-05 07:32:31,false
Ole,O'Callaghan,oocallaghanz@elpais.com,Male,205.14.74.149,2022-03-08 04:55:33,true
Emmeline,Clover,eclover10@squarespace.com,Bigender,202.170.44.83,2021-03-09 01:13:00,false
Sibbie,Surridge,ssurridge11@cargocollective.com,Female,98.131.139.251,2023-08-24 10:31:28,false
Weidar,Dace,wdace12@g.co,Male,34.170.177.234,2023-06-11 08:47:24,false
Thornie,Edgcumbe,tedgcumbe13@thetimes.co.uk,Male,43.6.150.227,2022-09-09 09:16:00,true
Nanine,Brownlie,nbrownlie14@google.it,Bigender,21.162.83.24,2023-08-07 01:44:30,true
Cory,Halsall,chalsall15@yelp.com,Female,232.58.167.181,2024-07-04 10:55:40,true
Bert,Sowray,bsowray16@wix.com,Male,206.203.33.146,2023-08-11 00:07:44,false
Leland,Salazar,lsalazar17@ycombinator.com,Male,41.154.11.56,2023-01-22 23:21:16,true
Free,Schoales,fschoales18@ehow.com,Male,252.187.201.105,2021-09-27 04:19:02,false
Thoma,Colebourn,tcolebourn19@mtv.com,Male,195.132.20.24,2022-02-27 02:51:54,false
Katharine,Platts,kplatts1a@slashdot.org,Female,129.164.249.113,2021-06-28 04:08:12,false
Vance,Leason,vleason1b@amazon.com,Male,208.26.35.209,2023-08-10 05:16:29,true
Vicki,Plomer,vplomer1c@businessinsider.com,Female,73.83.60.92,2024-08-26 12:35:32,true
Gerik,Rowlatt,growlatt1d@alexa.com,Male,52.187.133.69,2022-01-15 17:02:37,false
Sibbie,Mercy,smercy1e@lulu.com,Female,104.163.91.160,2024-10-22 14:26:57,true
Henrietta,Carlyon,hcarlyon1f@cocolog-nifty.com,Female,87.48.253.136,2022-08-04 15:37:08,true
Merle,Oley,moley1g@dyndns.org,Polygender,49.230.190.51,2021-05-28 02:11:41,false
Glen,Ramlot,gramlot1h@youtu.be,Female,167.214.116.21,2022-08-25 23:14:16,true
Dominique,Brumbie,dbrumbie1i@un.org,Male,174.122.106.95,2021-01-22 19:12:35,false
Bernita,Doog,bdoog1j@slashdot.org,Female,211.209.149.172,2023-06-26 16:25:34,false
Piggy,Nutkin,pnutkin1k@phoca.cz,Male,249.35.74.219,2021-11-03 00:37:02,true
Caitrin,Brymham,cbrymham1l@gmpg.org,Female,81.121.204.239,2022-02-16 02:58:05,false
Ulrikaumeko,Fernehough,ufernehough1m@gmpg.org,Female,221.104.221.73,2022-10-09 17:24:14,false
Rene,Woloschin,rwoloschin1n@telegraph.co.uk,Male,203.50.215.62,2024-01-03 13:35:45,true
Lem,Gallard,lgallard1o@nps.gov,Male,154.180.54.49,2021-03-26 06:34:33,true
Fransisco,Burtwistle,fburtwistle1p@plala.or.jp,Male,225.143.178.98,2023-05-02 13:05:33,false
Rochette,Wetton,rwetton1q@mysql.com,Female,253.237.101.177,2024-12-31 09:40:03,true
Pet,Yokel,pyokel1r@senate.gov,Female,115.62.253.86,2023-01-25 09:59:36,false
Casey,Hammersley,chammersley1s@quantcast.com,Male,53.1.81.29,2022-08-17 07:05:42,true
Val,Akehurst,vakehurst1t@ucla.edu,Male,170.112.48.21,2024-04-16 13:35:17,false
Yard,Coram,ycoram1u@amazon.de,Male,42.3.79.124,2022-08-02 23:44:56,true
Arte,Breit,abreit1v@abc.net.au,Male,146.24.185.220,2024-09-21 20:39:57,false
Honor,Still,hstill1w@ocn.ne.jp,Female,213.228.239.10,2022-10-23 14:23:45,false
Beilul,Hurford,bhurford1x@yandex.ru,Female,217.71.129.89,2022-10-07 05:01:39,true
Lyssa,O'Hegertie,lohegertie1y@mtv.com,Female,236.240.5.166,2022-01-31 01:20:43,true
Hailee,Valintine,hvalintine1z@issuu.com,Female,139.63.200.153,2023-06-27 06:15:46,true
Sabine,Schimank,sschimank20@artisteer.com,Female,83.251.180.188,2023-02-10 09:31:55,false
Haslett,Dowglass,hdowglass21@admin.ch,Male,63.55.238.64,2024-12-30 17:14:17,false
Lonnie,Rouch,lrouch22@cpanel.net,Male,75.138.4.188,2023-06-02 22:12:13,true
Herb,Cuddon,hcuddon23@apple.com,Male,224.190.204.84,2024-04-29 17:38:26,false
Munmro,Kesper,mkesper24@123-reg.co.uk,Male,54.229.193.152,2023-03-16 07:42:24,false
Jeannie,Kinnard,jkinnard25@noaa.gov,Female,105.210.0.20,2021-07-06 22:31:14,false
Ailis,Longman,alongman26@tuttocitta.it,Female,49.0.117.78,2023-08-26 20:17:44,true
Maisie,Duell,mduell27@kickstarter.com,Female,132.218.244.90,2024-09-16 19:09:08,true
Joanie,Mellem,jmellem28@paypal.com,Female,146.200.195.198,2023-12-28 18:26:32,false
Albertine,Applegarth,aapplegarth29@opera.com,Female,43.91.225.195,2022-05-13 12:12:09,true
Everett,Doe,edoe2a@arstechnica.com,Male,173.188.100.15,2022-10-23 08:17:19,false
Serena,Yelden,syelden2b@mail.ru,Female,5.110.196.221,2024-07-29 18:34:45,false
Florri,Dunthorn,fdunthorn2c@ebay.co.uk,Female,133.110.92.116,2021-10-19 21:46:57,false
Hayley,Darrigone,hdarrigone2d@utexas.edu,Female,168.16.194.168,2024-12-31 03:18:07,false
Gris,Perillo,gperillo2e@indiegogo.com,Agender,54.80.146.129,2021-11-05 14:20:06,true
Lela,Doe,ldoe2f@amazon.co.uk,Female,117.116.134.28,2024-06-11 02:09:27,false
Wandie,Chitham,wchitham2g@ovh.net,Female,40.55.189.253,2024-08-15 03:00:43,true
Shelby,Kettell,skettell2h@narod.ru,Female,239.197.111.78,2021-10-30 09:10:55,false
Nicola,Treleven,ntreleven2i@seattletimes.com,Female,144.216.2.129,2023-12-26 06:37:20,false
Sig,Blakeway,sblakeway2j@ucoz.com,Male,43.65.171.247,2025-01-12 19:30:56,true
Pinchas,Cawthorn,pcawthorn2k@ihg.com,Male,207.206.156.173,2022-11-05 03:04:20,true
Stacey,Dowsey,sdowsey2l@discuz.net,Female,106.71.159.160,2024-02-20 05:11:22,true
Kent,Humfrey,khumfrey2m@sina.com.cn,Male,90.235.177.95,2023-12-12 13:23:27,true
Ed,Backhurst,ebackhurst2n@ocn.ne.jp,Male,12.212.102.158,2022-09-19 18:37:56,false
Elizabet,Sausman,esausman2o@wikimedia.org,Female,25.116.124.199,2024-01-01 14:11:03,true
Carr,Trousdale,ctrousdale2p@slashdot.org,Genderqueer,133.227.47.236,2021-05-06 04:26:53,true
Piggy,Juniper,pjuniper2q@goo.gl,Male,167.243.152.134,2023-04-05 19:08:24,true
Lloyd,Wisniewski,lwisniewski2r@spiegel.de,Male,160.89.12.2,2022-01-02 02:41:49,false
Humfrey,Klaus,hklaus2s@miibeian.gov.cn,Male,34.226.80.237,2023-08-23 06:17:00,true
Leonidas,Beyne,lbeyne2t@about.me,Male,13.130.25.66,2024-08-07 12:20:47,false
Danica,Plimmer,dplimmer2u@netlog.com,Female,124.42.112.167,2021-01-14 14:49:35,false
Aldis,Seiler,aseiler2v@ted.com,Male,132.53.82.19,2022-04-25 00:43:33,true
Dominick,Edmonstone,dedmonstone2w@timesonline.co.uk,Male,8.36.250.128,2024-10-16 00:25:53,true
Jasun,Frankes,jfrankes2x@gmpg.org,Male,185.109.51.114,2021-10-24 08:55:31,false
Danit,Beavan,dbeavan2y@bluehost.com,Female,146.237.151.255,2023-02-24 06:26:16,true
Millard,Dibble,mdibble2z@cyberchimps.com,Male,141.45.237.138,2022-01-17 13:20:19,true
Dorree,Dowell,ddowell30@sitemeter.com,Female,110.81.224.114,2024-09-12 23:10:31,false
Ferdinanda,Pakeman,fpakeman31@rakuten.co.jp,Female,113.238.69.188,2023-09-18 06:15:26,true
Madelle,Hatherley,mhatherley32@angelfire.com,Female,161.35.222.189,2024-09-15 23:07:22,true
Arv,Gellately,agellately33@kickstarter.com,Male,196.204.38.24,2021-09-14 06:40:34,false
Donnajean,Hartman,dhartman34@smh.com.au,Female,225.55.139.46,2024-01-08 13:51:04,true
Thibaut,Edmund,tedmund35@arizona.edu,Male,2.14.7.137,2022-05-17 06:25:03,false
Layne,Blacktin,lblacktin36@ycombinator.com,Female,114.161.200.56,2022-08-18 08:23:14,true
Silvio,De Cruze,sdecruze37@nydailynews.com,Bigender,246.94.134.5,2022-08-31 12:37:37,false
Shaughn,Gillitt,sgillitt38@huffingtonpost.com,Male,219.234.8.40,2021-04-14 20:33:33,true
Julian,Ossenna,jossenna39@biblegateway.com,Male,8.4.233.186,2023-02-17 10:21:07,true
Koenraad,Donavan,kdonavan3a@rakuten.co.jp,Male,102.35.188.76,2021-05-07 02:40:34,true
Piotr,Busse,pbusse3b@comsenz.com,Male,252.171.205.96,2023-06-29 09:14:52,false
Rancell,Fuggles,rfuggles3c@nature.com,Male,246.93.136.235,2022-01-31 19:24:23,false
Radcliffe,Yockley,ryockley3d@godaddy.com,Non-binary,247.46.14.101,2023-09-08 12:52:46,true
Tasha,Baseke,tbaseke3e@independent.co.uk,Agender,122.66.197.19,2022-02-08 02:27:11,true
Laurel,Ramsby,lramsby3f@forbes.com,Female,162.235.78.242,2023-04-19 17:42:22,false
Letty,Paolazzi,lpaolazzi3g@umn.edu,Female,91.223.245.118,2023-05-15 15:09:52,true
Perice,Koschek,pkoschek3h@sbwire.com,Male,115.149.58.216,2024-07-01 14:42:55,true
Paolo,Barrowcliff,pbarrowcliff3i@vimeo.com,Male,38.228.197.175,2023-08-29 22:14:25,false
Nappy,Cauldfield,ncauldfield3j@scribd.com,Male,223.59.186.46,2025-01-28 13:16:54,true
Scottie,Martijn,smartijn3k@comsenz.com,Bigender,113.181.192.21,2023-04-12 05:24:38,false
Lilias,Beernt,lbeernt3l@angelfire.com,Female,103.125.16.160,2024-11-05 16:00:50,true